name,smiles,p_crbn_glue,ppil4_affinity_kcal_mol,p_ppil4_bind,mgd_composite_score,error
cand_0,CCc1ccc(OC)c2c1C(=O)N(C1CCC(=O)NC1=O)C2=O,0.94,-5.966,0.36958443572831806,0.34740936958461893,
cand_1,O=C1CCC(N2C(=O)c3ccc(I)cc3C2=O)C(=O)N1,0.99,-5.855,0.3441171587921864,0.34067598720426456,
cand_2,NC(=O)c1cc(Cl)cc2c1C(=O)N(C1CCC(=O)NC1=O)C2=O,0.93,-6.071,0.3943651475990001,0.3667595872670701,
cand_3,Cc1cccc2c1C(=O)N(C1CCC(=O)NC1=O)C2=O,0.95,-6.026,0.38366993526996107,0.364486438506463,
cand_4,COc1ccc(S(N)(=O)=O)c2c1C(=O)N(C1CCC(=O)NC1=O)C2=O,0.925,-5.836,0.33984164027624275,0.3143535172555246,
cand_5,NC(=O)c1ccc2c(c1)C(=O)N(C1CCC(=O)NC1=O)C2=O,0.94,-6.491,0.4977500151873769,0.46788501427613427,
cand_6,Nc1ccc2c(c1)C(=O)N(C1CCC(=O)NC1=O)C2=O,0.99,-5.624,0.29400736238095615,0.2910672887571466,
cand_7,O=C1CCC(N2C(=O)c3cccc(I)c3C2=O)C(=O)N1,0.965,-5.693,0.3085301456820691,0.29773159058319665,
cand_8,COc1ccc2c(c1)C(=O)N(C1CCC(=O)NC1=O)C2=O,0.99,-6.214,0.4289834140841794,0.4246935799433376,
cand_9,N#Cc1cccc2c1C(=O)N(C1CCC(=O)NC1=O)C2=O,0.975,-6.359,0.46480828456469886,0.4531880774505814,
cand_10,Cc1ccc2c(c1Br)C(=O)N(C1CCC(=O)NC1=O)C2=O,0.93,-6.142,0.4114437956141709,0.3826427299211789,
cand_11,N#Cc1ccc2c(c1)C(=O)N(C1CCC(=O)NC1=O)C2=O,0.975,-6.442,0.4855040634663888,0.4733664618797291,
cand_12,NS(=O)(=O)c1ccc2c(c1)C(=O)N(C1CCC(=O)NC1=O)C2=O,0.97,-6.478,0.49450022182259706,0.47966521516791916,
cand_13,O=C1CCC(N2C(=O)c3cc(C(F)(F)F)cc(C(F)(F)F)c3C2=O)C(=O)N1,0.96,-6.429,0.48225745272227205,0.46296715461338117,
cand_14,O=C1CCC(N2C(=O)c3ccc(Br)cc3C2=O)C(=O)N1,0.95,-5.857,0.344568700496514,0.32734026547168826,
cand_15,CCc1cc2c(cc1O)C(=O)N(C1CCC(=O)NC1=O)C2=O,0.955,-6.041,0.38722307845001697,0.3697980399197662,
cand_16,COc1cccc2c1C(=O)N(C1CCC(=O)NC1=O)C2=O,0.975,-5.935,0.3623913473780748,0.35333156369362295,
cand_17,O=C1CCC(N2C(=O)c3cc(Cl)c([N+](=O)[O-])cc3C2=O)C(=O)N1,0.925,-6.006,0.3789517236191712,0.35053034434773334,
cand_18,O=C1CCC(N2C(=O)c3cccc([N+](=O)[O-])c3C2=O)C(=O)N1,0.895,-5.778,0.32695272142812526,0.2926226856781721,
cand_19,Cc1ccc2c(c1)C(=O)N(C1CCC(=O)NC1=O)C2=O,0.98,-5.936,0.3626224430183002,0.3553699941579342,
cand_20,Nc1cc2c(c(S(N)(=O)=O)c1)C(=O)N(C1CCC(=O)NC1=O)C2=O,0.955,-5.839,0.34051501120859845,0.3251918357042115,
cand_21,CCc1ccc2c(c1)C(=O)N(C1CCC(=O)NC1=O)C2=O,0.97,-5.845,0.3418636849519818,0.3316077744034224,
cand_22,NC(=O)c1ccc2c(c1C(=O)O)C(=O)N(C1CCC(=O)NC1=O)C2=O,0.925,-6.19,0.4231147388679538,0.3913811334528573,
cand_23,O=C1CCC(N2C(=O)c3c(Cl)ccc(I)c3C2=O)C(=O)N1,0.925,-5.772,0.32563376699756175,0.3012112344727446,
cand_24,NS(=O)(=O)c1ccc2c(c1C(=O)O)C(=O)N(C1CCC(=O)NC1=O)C2=O,0.925,-6.176,0.41970122771085155,0.3882236356325377,
cand_25,O=C1CCC(N2C(=O)c3ccc(F)c(I)c3C2=O)C(=O)N1,0.965,-5.86,0.34524653939368083,0.333162910514902,
cand_26,O=C1CCC(N2C(=O)c3ccc([N+](=O)[O-])c(I)c3C2=O)C(=O)N1,0.91,-6.091,0.39915192661382193,0.363228253218578,
cand_27,O=C1CCC(N2C(=O)c3cccc(O)c3C2=O)C(=O)N1,0.98,-6.115,0.40492152613386606,0.3968230956111887,
cand_28,N#Cc1cc2c(cc1I)C(=O)N(C1CCC(=O)NC1=O)C2=O,0.955,-6.294,0.4486813516217847,0.42849069079880436,
cand_29,O=C1CCC(N2C(=O)c3ccc(C(F)(F)F)c(O)c3C2=O)C(=O)N1,0.915,-6.406,0.47651728855732467,0.4360133190299521,
cand_30,CNc1cc2c(c([N+](=O)[O-])c1)C(=O)N(C1CCC(=O)NC1=O)C2=O,0.895,-5.998,0.37707077661573785,0.3374783450710854,
cand_31,O=C1CCC(N2C(=O)c3cccc(C(F)(F)F)c3C2=O)C(=O)N1,0.975,-6.33,0.45760205922564895,0.4461620077450077,
cand_32,O=C1CCC(N2C(=O)c3ccc(Cl)cc3C2=O)C(=O)N1,0.985,-5.779,0.3271728141356072,0.3222652219235731,
cand_33,O=C1CCC(N2C(=O)c3cccc(Br)c3C2=O)C(=O)N1,0.95,-5.876,0.3488722613965951,0.33142864832676533,
cand_34,Nc1ccc(N)c2c1C(=O)N(C1CCC(=O)NC1=O)C2=O,0.945,-5.901,0.35457251132431217,0.33507102320147497,
cand_35,COc1ccc2c(c1O)C(=O)N(C1CCC(=O)NC1=O)C2=O,0.955,-6.49,0.49750002083312506,0.4751125198956344,
cand_36,Cc1ccc(C#N)c2c1C(=O)N(C1CCC(=O)NC1=O)C2=O,0.94,-6.15,0.41338242108267004,0.3885794758177098,
cand_37,CCc1ccc(CC)c2c1C(=O)N(C1CCC(=O)NC1=O)C2=O,0.93,-5.686,0.30703877557453374,0.28554606128431637,
cand_38,O=C1CCC(N2C(=O)c3ccc(F)cc3C2=O)C(=O)N1,0.975,-5.829,0.33827296024355347,0.32981613623746464,
cand_39,CCc1cc2c(cc1F)C(=O)N(C1CCC(=O)NC1=O)C2=O,0.955,-5.939,0.36331611060163677,0.34696688562456307,
cand_40,CCc1cccc2c1C(=O)N(C1CCC(=O)NC1=O)C2=O,0.97,-6.096,0.4003516774075941,0.3883411270853663,
cand_41,CNc1ccc(N)c2c1C(=O)N(C1CCC(=O)NC1=O)C2=O,0.925,-5.885,0.35091947575542665,0.3246005150737697,
cand_42,NC(=O)c1cccc2c1C(=O)N(C1CCC(=O)NC1=O)C2=O,0.93,-6.238,0.4348721276091599,0.40443107867651873,
cand_43,NC(=O)c1cc(C(N)=O)c2c(c1)C(=O)N(C1CCC(=O)NC1=O)C2=O,0.895,-6.564,0.515994540902702,0.4618151141079183,
cand_44,Nc1cccc2c1C(=O)N(C1CCC(=O)NC1=O)C2=O,0.955,-5.68,0.3057636598919694,0.2920042951968308,
cand_45,O=C1CCC(N2C(=O)c3cccc(Cl)c3C2=O)C(=O)N1,0.96,-5.887,0.35137516146584247,0.33732015500720874,
cand_46,CCc1ccc(O)c2c1C(=O)N(C1CCC(=O)NC1=O)C2=O,0.925,-5.949,0.3656324324816124,0.3382100000454915,
cand_47,CNc1cccc2c1C(=O)N(C1CCC(=O)NC1=O)C2=O,0.97,-5.993,0.3758970584521039,0.3646201466985408,
cand_48,O=C1CCC(N2C(=O)c3cccc(F)c3C2=O)C(=O)N1,0.945,-5.832,0.33894481880658406,0.3203028537722219,
cand_49,CNc1cc(Cl)cc2c1C(=O)N(C1CCC(=O)NC1=O)C2=O,0.955,-6.292,0.4481866697668298,0.4280182696273224,
cand_50,CN(C)c1ccc2c(c1Br)C(=O)N(C1CCC(=O)NC1=O)C2=O,0.93,-6.021,0.38248828845677607,0.35571410826480176,
cand_51,CCc1cc(I)cc2c1C(=O)N(C1CCC(=O)NC1=O)C2=O,0.96,-6.06,0.39174096925348545,0.376071330483346,
cand_52,NC(=O)c1cc(Br)c2c(c1)C(=O)N(C1CCC(=O)NC1=O)C2=O,0.885,-6.299,0.44991849846956017,0.39817787114556075,
cand_53,Cc1cc2c(cc1[N+](=O)[O-])C(=O)N(C1CCC(=O)NC1=O)C2=O,0.91,-6.273,0.44349244003649396,0.4035781204332095,
cand_54,O=C1CCC(N2C(=O)c3ccc(C(=O)O)cc3C2=O)C(=O)N1,0.98,-6.212,0.4284935705324441,0.41992369912179517,
cand_55,COc1cc2c(cc1N)C(=O)N(C1CCC(=O)NC1=O)C2=O,0.95,-5.922,0.35939292336051193,0.34142327719248633,
cand_56,O=C1CCC(N2C(=O)c3ccc(O)cc3C2=O)C(=O)N1,0.995,-5.834,0.3393930855057322,0.33769612007820354,
cand_57,CN(C)c1ccc2c(c1)C(=O)N(C1CCC(=O)NC1=O)C2=O,0.98,-6.229,0.43266161298300315,0.42400838072334307,
cand_58,O=C1CCC(N2C(=O)c3ccc([N+](=O)[O-])cc3C2=O)C(=O)N1,0.945,-6.382,0.47053418223877286,0.44465480221564035,
cand_59,NC(=O)c1c(F)ccc2c1C(=O)N(C1CCC(=O)NC1=O)C2=O,0.94,-6.252,0.43831582833818417,0.4120168786378931,
cand_60,NC(=O)c1ccc2c(c1N)C(=O)N(C1CCC(=O)NC1=O)C2=O,0.94,-6.538,0.5094988569983825,0.4789289255784795,
cand_61,CCc1cc2c(cc1OC)C(=O)N(C1CCC(=O)NC1=O)C2=O,0.95,-6.081,0.3967560660975218,0.3769182627926457,
cand_62,O=C1CCC(N2C(=O)c3cccc(C(=O)O)c3C2=O)C(=O)N1,0.935,-6.059,0.3915027150842438,0.366055038603768,
cand_63,NC(=O)c1cc(I)cc2c1C(=O)N(C1CCC(=O)NC1=O)C2=O,0.945,-6.157,0.4150809257548097,0.39225147483829514,
cand_64,COc1ccc2c(c1C)C(=O)N(C1CCC(=O)NC1=O)C2=O,0.965,-6.128,0.40805783960041075,0.39377581521439636,
cand_65,N#Cc1ccc2c(c1C(N)=O)C(=O)N(C1CCC(=O)NC1=O)C2=O,0.94,-6.822,0.579811589996925,0.5450228945971094,
cand_66,N#Cc1cc2c(cc1C(=O)O)C(=O)N(C1CCC(=O)NC1=O)C2=O,0.935,-6.539,0.5097487643754381,0.4766150946910347,
cand_67,Cc1ccc2c(c1C#N)C(=O)N(C1CCC(=O)NC1=O)C2=O,0.925,-6.167,0.41751085648839775,0.38619754225176794,
cand_68,O=C1CCC(N2C(=O)c3ccc(Br)c(O)c3C2=O)C(=O)N1,0.935,-5.813,0.33470077013188015,0.31294522007330794,
cand_69,CNc1ccc2c(c1)C(=O)N(C1CCC(=O)NC1=O)C2=O,0.985,-5.733,0.31712842351122783,0.3123714971585594,
cand_70,Cc1ccc2c(c1C(N)=O)C(=O)N(C1CCC(=O)NC1=O)C2=O,0.935,-6.568,0.5169934523609448,0.4833888779574835,
cand_71,CCc1cc(C(=O)O)c2c(c1)C(=O)N(C1CCC(=O)NC1=O)C2=O,0.92,-6.163,0.41653839648976954,0.383215324770588,
cand_72,CCc1ccc(I)c2c1C(=O)N(C1CCC(=O)NC1=O)C2=O,0.92,-5.805,0.3329217229043747,0.30628798507202476,
cand_73,CN(C)c1cc2c(cc1C(N)=O)C(=O)N(C1CCC(=O)NC1=O)C2=O,0.945,-6.219,0.43020862980746033,0.40654715516805,
cand_74,CNc1ccc(S(N)(=O)=O)c2c1C(=O)N(C1CCC(=O)NC1=O)C2=O,0.915,-5.753,0.3214753368833562,0.29414993324827093,
cand_75,CCc1c(OC)ccc2c1C(=O)N(C1CCC(=O)NC1=O)C2=O,0.96,-5.909,0.35640544077961955,0.34214922314843477,
cand_76,Cc1cc2c(cc1Br)C(=O)N(C1CCC(=O)NC1=O)C2=O,0.935,-6.102,0.4017929560806008,0.3756764139353618,
cand_77,Cc1cc(Cl)c2c(c1)C(=O)N(C1CCC(=O)NC1=O)C2=O,0.93,-6.166,0.41726768102679546,0.3880589433549198,
cand_78,O=C1CCC(N2C(=O)c3cc(C(F)(F)F)cc(F)c3C2=O)C(=O)N1,0.95,-6.319,0.45487313289089665,0.4321294762463518,
cand_79,CCc1cc(OC)c2c(c1)C(=O)N(C1CCC(=O)NC1=O)C2=O,0.93,-5.894,0.3529721910540915,0.3282641376803051,
cand_80,Nc1cc(F)c2c(c1)C(=O)N(C1CCC(=O)NC1=O)C2=O,0.89,-5.725,0.3153984996765692,0.28070466471214656,
cand_81,NS(=O)(=O)c1ccc(O)c2c1C(=O)N(C1CCC(=O)NC1=O)C2=O,0.93,-6.325,0.4563613127629212,0.42441602086951674,
cand_82,CCc1c(Br)ccc2c1C(=O)N(C1CCC(=O)NC1=O)C2=O,0.925,-5.963,0.3688857342751898,0.34121930420455054,
cand_83,CCc1ccc(C)c2c1C(=O)N(C1CCC(=O)NC1=O)C2=O,0.885,-5.924,0.3598535120310334,0.31847035814746455,
cand_84,COc1cc2c(c(C(F)(F)F)c1)C(=O)N(C1CCC(=O)NC1=O)C2=O,0.96,-6.017,0.3815439695993676,0.36628221081539286,
cand_85,CCc1ccc2c(c1I)C(=O)N(C1CCC(=O)NC1=O)C2=O,0.91,-5.848,0.3425389835307835,0.31171047501301297,
cand_86,O=C1CCC(N2C(=O)c3ccc(I)c(Cl)c3C2=O)C(=O)N1,0.965,-5.985,0.37402214223339625,0.36093136725522734,
cand_87,CN(C)c1cc(O)cc2c1C(=O)N(C1CCC(=O)NC1=O)C2=O,0.95,-6.271,0.4429988821891786,0.4208489380797196,
cand_88,CNc1ccc2c(c1S(N)(=O)=O)C(=O)N(C1CCC(=O)NC1=O)C2=O,0.94,-6.313,0.45338575868105696,0.4261826131601935,
cand_89,CNc1cc(F)c2c(c1)C(=O)N(C1CCC(=O)NC1=O)C2=O,0.955,-5.902,0.3548013954368177,0.3388353326421609,
cand_90,Cc1cc(Br)cc2c1C(=O)N(C1CCC(=O)NC1=O)C2=O,0.92,-5.907,0.35594681144072693,0.3274710665254688,
cand_91,CNc1cc2c(cc1NC)C(=O)N(C1CCC(=O)NC1=O)C2=O,0.95,-5.764,0.323879452165739,0.307685479557452,
cand_92,CNc1cc(C(F)(F)F)cc2c1C(=O)N(C1CCC(=O)NC1=O)C2=O,0.95,-6.12,0.4061268970658573,0.38582055221256445,
cand_93,O=C1CCC(N2C(=O)c3cc([N+](=O)[O-])c(C(F)(F)F)cc3C2=O)C(=O)N1,0.86,-6.37,0.4675456936126812,0.40208929650690584,
cand_94,COc1cc(C#N)c2c(c1)C(=O)N(C1CCC(=O)NC1=O)C2=O,0.955,-6.092,0.3993917804487254,0.38141915032853274,
cand_95,CNc1cc2c(cc1I)C(=O)N(C1CCC(=O)NC1=O)C2=O,0.935,-5.991,0.37542797811716433,0.35102515953954866,
cand_96,N#Cc1ccc(N)c2c1C(=O)N(C1CCC(=O)NC1=O)C2=O,0.955,-6.363,0.465803469499505,0.4448423133720273,
cand_97,CCc1c(N(C)C)ccc2c1C(=O)N(C1CCC(=O)NC1=O)C2=O,0.96,-5.803,0.3324777017263231,0.3191785936572702,
cand_98,NS(=O)(=O)c1cccc2c1C(=O)N(C1CCC(=O)NC1=O)C2=O,0.955,-6.137,0.4102335450181969,0.391773035492378,
cand_99,Cc1cc(I)c2c(c1)C(=O)N(C1CCC(=O)NC1=O)C2=O,0.94,-5.804,0.33269967517290844,0.3127376946625339,
cand_100,O=C1CCC(N2C(=O)c3cc(Br)cc(O)c3C2=O)C(=O)N1,0.935,-5.927,0.3605448790762277,0.3371094619362729,
cand_101,NS(=O)(=O)c1ccc2c(c1Br)C(=O)N(C1CCC(=O)NC1=O)C2=O,0.925,-6.362,0.4655546474317898,0.4306380488744056,
cand_102,Cc1cc(C(N)=O)c2c(c1)C(=O)N(C1CCC(=O)NC1=O)C2=O,0.915,-6.336,0.45909164817761844,0.42006885808252087,
cand_103,NS(=O)(=O)c1cc2c(cc1I)C(=O)N(C1CCC(=O)NC1=O)C2=O,0.945,-6.436,0.4840054590972979,0.4573851588469465,
cand_104,COc1c(C(=O)O)ccc2c1C(=O)N(C1CCC(=O)NC1=O)C2=O,0.925,-5.88,0.34978145142617295,0.32354784256921,
cand_105,O=C1CCC(N2C(=O)c3cc(Cl)cc(Br)c3C2=O)C(=O)N1,0.94,-5.893,0.352743841823411,0.3315792113140063,
cand_106,COc1cc(Cl)cc2c1C(=O)N(C1CCC(=O)NC1=O)C2=O,0.94,-5.813,0.33470077013188015,0.31461872392396734,
cand_107,CN(C)c1cccc2c1C(=O)N(C1CCC(=O)NC1=O)C2=O,0.97,-6.01,0.3798935676569098,0.3684967606272025,
cand_108,NC(=O)c1cc(O)c2c(c1)C(=O)N(C1CCC(=O)NC1=O)C2=O,0.905,-6.868,0.5909756196683741,0.5348329357998786,
cand_109,CNc1ccc(C(F)(F)F)c2c1C(=O)N(C1CCC(=O)NC1=O)C2=O,0.9,-5.902,0.3548013954368177,0.3193212558931359,
cand_110,NC(=O)c1ccc([N+](=O)[O-])c2c1C(=O)N(C1CCC(=O)NC1=O)C2=O,0.87,-6.009,0.3796580215222348,0.3303024787243443,
cand_111,O=C1CCC(N2C(=O)c3cc(Cl)cc(C(=O)O)c3C2=O)C(=O)N1,0.95,-6.106,0.4027547541256734,0.3826170164193897,
cand_112,CNc1cc(S(N)(=O)=O)cc2c1C(=O)N(C1CCC(=O)NC1=O)C2=O,0.935,-6.699,0.5495864684250396,0.5138633479774121,
cand_113,NC(=O)c1cc(F)cc2c1C(=O)N(C1CCC(=O)NC1=O)C2=O,0.915,-6.447,0.4867531007331736,0.4453790871708539,
cand_114,COc1ccc2c(c1C(N)=O)C(=O)N(C1CCC(=O)NC1=O)C2=O,0.94,-6.302,0.4506610850117807,0.4236214199110738,
cand_115,CCc1cc2c(cc1C(=O)O)C(=O)N(C1CCC(=O)NC1=O)C2=O,0.925,-6.176,0.41970122771085155,0.3882236356325377,
cand_116,O=C1CCC(N2C(=O)c3ccc(C(=O)O)c(C(=O)O)c3C2=O)C(=O)N1,0.945,-6.332,0.45809850598604357,0.43290308815681117,
cand_117,Nc1cc(Cl)cc2c1C(=O)N(C1CCC(=O)NC1=O)C2=O,0.97,-5.985,0.37402214223339625,0.36280147796639434,
cand_118,NS(=O)(=O)c1cc(I)c2c(c1)C(=O)N(C1CCC(=O)NC1=O)C2=O,0.94,-6.271,0.4429988821891786,0.41641894925782785,
cand_119,NC(=O)c1ccc(N)c2c1C(=O)N(C1CCC(=O)NC1=O)C2=O,0.925,-6.502,0.5004999998333334,0.4629624998458334,
cand_120,CNc1ccc2c(c1OC)C(=O)N(C1CCC(=O)NC1=O)C2=O,0.93,-5.794,0.33048329563973783,0.3073494649449562,
cand_121,O=C1CCC(N2C(=O)c3ccc(Br)c(Cl)c3C2=O)C(=O)N1,0.935,-6.068,0.39364885129990906,0.368061675965415,
cand_122,O=C1CCC(N2C(=O)c3ccc(I)c(I)c3C2=O)C(=O)N1,0.96,-5.808,0.3335883110696085,0.32024477862682416,
cand_123,O=C1CCC(N2C(=O)c3ccc(C(F)(F)F)cc3C2=O)C(=O)N1,0.985,-6.11,0.40371730070321227,0.39766154119266406,
cand_124,CCc1c(NC)ccc2c1C(=O)N(C1CCC(=O)NC1=O)C2=O,0.955,-5.688,0.30746447165004337,0.2936285704257914,
cand_125,COc1c(S(N)(=O)=O)ccc2c1C(=O)N(C1CCC(=O)NC1=O)C2=O,0.91,-6.096,0.4003516774075941,0.3643200264409106,
cand_126,COc1c(C(N)=O)ccc2c1C(=O)N(C1CCC(=O)NC1=O)C2=O,0.905,-6.172,0.41872733339077445,0.3789482367186509,
cand_127,N#Cc1ccc2c(c1F)C(=O)N(C1CCC(=O)NC1=O)C2=O,0.955,-6.567,0.5167437369156502,0.49349026875444596,
cand_128,O=C1CCC(N2C(=O)c3cc(Cl)cc(F)c3C2=O)C(=O)N1,0.96,-6.045,0.3881726309982629,0.3726457257583323,
cand_129,CCc1cc(C(F)(F)F)cc2c1C(=O)N(C1CCC(=O)NC1=O)C2=O,0.93,-6.402,0.4755195893532669,0.4422332180985382,
cand_130,O=C1CCC(N2C(=O)c3cc(Cl)c(I)cc3C2=O)C(=O)N1,0.935,-5.833,0.33916891610855165,0.3171229365614958,
cand_131,Nc1ccc2c(c1Br)C(=O)N(C1CCC(=O)NC1=O)C2=O,0.92,-5.857,0.344568700496514,0.3170032044567929,
cand_132,COc1c(N(C)C)ccc2c1C(=O)N(C1CCC(=O)NC1=O)C2=O,0.935,-5.885,0.35091947575542665,0.3281097098313239,
cand_133,CCc1cc(NC)c2c(c1)C(=O)N(C1CCC(=O)NC1=O)C2=O,0.925,-5.892,0.3525155598344842,0.3260768928468979,
cand_134,N#Cc1cc2c(c(S(N)(=O)=O)c1)C(=O)N(C1CCC(=O)NC1=O)C2=O,0.935,-6.333,0.45834676063239577,0.42855422119129005,
cand_135,Nc1ccc(Cl)c2c1C(=O)N(C1CCC(=O)NC1=O)C2=O,0.925,-6.177,0.41994479935622675,0.38844893940450975,
cand_136,NS(=O)(=O)c1cc2c(c(C(F)(F)F)c1)C(=O)N(C1CCC(=O)NC1=O)C2=O,0.945,-6.384,0.4710324749690484,0.4451256888457507,
cand_137,COc1cc(C(=O)O)cc2c1C(=O)N(C1CCC(=O)NC1=O)C2=O,0.945,-6.099,0.40107210287025535,0.37901313721239127,
cand_138,CCc1cc2c(cc1C)C(=O)N(C1CCC(=O)NC1=O)C2=O,0.945,-6.106,0.4027547541256734,0.38060324264876133,
cand_139,O=C1CCC(N2C(=O)c3cc(I)cc(F)c3C2=O)C(=O)N1,0.925,-5.99,0.37519352553157076,0.347054011116703,
cand_140,CCc1ccc2c(c1N(C)C)C(=O)N(C1CCC(=O)NC1=O)C2=O,0.905,-5.54,0.27687819487561016,0.2505747663624272,
cand_141,CN(C)c1cc(C#N)cc2c1C(=O)N(C1CCC(=O)NC1=O)C2=O,0.935,-6.228,0.4324161639899626,0.40430911333061503,
cand_142,NS(=O)(=O)c1c(Br)ccc2c1C(=O)N(C1CCC(=O)NC1=O)C2=O,0.9,-6.367,0.4667989267261696,0.42011903405355266,
cand_143,CN(C)c1cc2c(cc1C#N)C(=O)N(C1CCC(=O)NC1=O)C2=O,0.955,-6.338,0.45958834166338,0.4389068662885279,
cand_144,Cc1cc(C(N)=O)cc2c1C(=O)N(C1CCC(=O)NC1=O)C2=O,0.9,-6.318,0.4546251805350073,0.40916266248150657,
cand_145,O=C1CCC(N2C(=O)c3cc(Cl)cc([N+](=O)[O-])c3C2=O)C(=O)N1,0.93,-5.978,0.37238468584693746,0.34631775783765184,
cand_146,NC(=O)c1ccc2c(c1C(F)(F)F)C(=O)N(C1CCC(=O)NC1=O)C2=O,0.935,-6.581,0.5202389355718147,0.48642340475964674,
cand_147,N#Cc1c(C(F)(F)F)ccc2c1C(=O)N(C1CCC(=O)NC1=O)C2=O,0.895,-6.455,0.4887518980531451,0.4374329487575649,
cand_148,O=C1CCC(N2C(=O)c3c(I)ccc(C(F)(F)F)c3C2=O)C(=O)N1,0.885,-6.353,0.4633160348714162,0.41003469086120337,
cand_149,CCc1cc(OC)cc2c1C(=O)N(C1CCC(=O)NC1=O)C2=O,0.91,-6.156,0.4148381576398546,0.3775027234522677,
cand_150,O=C1CCC(N2C(=O)c3cc(F)c(C(F)(F)F)cc3C2=O)C(=O)N1,0.93,-6.268,0.44225875669050985,0.4113006437221742,
cand_151,NC(=O)c1ccc2c(c1S(N)(=O)=O)C(=O)N(C1CCC(=O)NC1=O)C2=O,0.935,-6.224,0.4314347009222951,0.40339144536234595,
cand_152,O=C1CCC(N2C(=O)c3cc(Br)c(C(F)(F)F)cc3C2=O)C(=O)N1,0.915,-6.319,0.45487313289089665,0.41620891659517045,
cand_153,O=C1CCC(N2C(=O)c3cc(C(=O)O)cc(I)c3C2=O)C(=O)N1,0.935,-6.112,0.40419885255655175,0.37792592714037593,
cand_154,O=C1CCC(N2C(=O)c3ccc(Br)c(C(F)(F)F)c3C2=O)C(=O)N1,0.91,-6.118,0.4056446120927018,0.36913659700435864,
cand_155,O=C1CCC(N2C(=O)c3cc([N+](=O)[O-])cc(O)c3C2=O)C(=O)N1,0.925,-6.392,0.4730262134250855,0.4375492474182041,
cand_156,Nc1cc(C(F)(F)F)cc2c1C(=O)N(C1CCC(=O)NC1=O)C2=O,0.94,-6.305,0.45140389141686554,0.4243196579318536,
cand_157,O=C1CCC(N2C(=O)c3cc(O)c(Br)cc3C2=O)C(=O)N1,0.91,-5.964,0.3691185738336977,0.33589790218866494,
cand_158,NS(=O)(=O)c1cc([N+](=O)[O-])cc2c1C(=O)N(C1CCC(=O)NC1=O)C2=O,0.915,-6.302,0.4506610850117807,0.41235489278577936,
cand_159,NS(=O)(=O)c1cc(Br)c2c(c1)C(=O)N(C1CCC(=O)NC1=O)C2=O,0.935,-6.432,0.48300654763905515,0.4516111220425166,
cand_160,NS(=O)(=O)c1ccc2c(c1S(N)(=O)=O)C(=O)N(C1CCC(=O)NC1=O)C2=O,0.95,-6.194,0.42409139255332623,0.4028868229256599,
cand_161,NS(=O)(=O)c1cc(Cl)c2c(c1)C(=O)N(C1CCC(=O)NC1=O)C2=O,0.94,-6.403,0.47576899614755824,0.44722285637870474,
cand_162,CNc1cc2c(c(N(C)C)c1)C(=O)N(C1CCC(=O)NC1=O)C2=O,0.95,-6.078,0.39603826689077565,0.37623635354623686,
cand_163,CCc1ccc2c(c1S(N)(=O)=O)C(=O)N(C1CCC(=O)NC1=O)C2=O,0.89,-6.085,0.39771382311136927,0.3539653025691187,
cand_164,O=C1CCC(N2C(=O)c3cc([N+](=O)[O-])cc(I)c3C2=O)C(=O)N1,0.9,-6.118,0.4056446120927018,0.36508015088343165,
cand_165,COc1cc(N)cc2c1C(=O)N(C1CCC(=O)NC1=O)C2=O,0.95,-6.007,0.3791870994061749,0.36022774443586614,
cand_166,Nc1ccc2c(c1[N+](=O)[O-])C(=O)N(C1CCC(=O)NC1=O)C2=O,0.92,-6.069,0.39388756610077963,0.3623765608127173,
cand_167,CN(C)c1cc(C(N)=O)c2c(c1)C(=O)N(C1CCC(=O)NC1=O)C2=O,0.915,-6.012,0.38036482959282175,0.3480338190774319,
cand_168,Nc1cc2c(c([N+](=O)[O-])c1)C(=O)N(C1CCC(=O)NC1=O)C2=O,0.845,-6.151,0.41362493946383755,0.3495130738469427,
cand_169,O=C1CCC(N2C(=O)c3c(O)ccc(O)c3C2=O)C(=O)N1,0.955,-6.163,0.41653839648976954,0.3977941686477299,
cand_170,NS(=O)(=O)c1cc2c(cc1Cl)C(=O)N(C1CCC(=O)NC1=O)C2=O,0.925,-6.403,0.47576899614755824,0.4400863214364914,
cand_171,N#Cc1cc(C(=O)O)cc2c1C(=O)N(C1CCC(=O)NC1=O)C2=O,0.945,-6.422,0.4805098804887541,0.4540818370618726,
cand_172,Cc1ccc(N)c2c1C(=O)N(C1CCC(=O)NC1=O)C2=O,0.92,-6.059,0.3915027150842438,0.3601824978775043,
cand_173,CCc1cc(Br)cc2c1C(=O)N(C1CCC(=O)NC1=O)C2=O,0.925,-6.11,0.40371730070321227,0.3734385031504714,
cand_174,O=C1CCC(N2C(=O)c3cc(C(=O)O)cc(Br)c3C2=O)C(=O)N1,0.925,-6.235,0.4341349971045184,0.40157487232167954,
cand_175,O=C1CCC(N2C(=O)c3cc(Br)cc(F)c3C2=O)C(=O)N1,0.93,-6.108,0.4032359342745535,0.3750094188753348,
cand_176,N#Cc1cc2c(cc1N)C(=O)N(C1CCC(=O)NC1=O)C2=O,0.95,-6.089,0.3986723641673851,0.37873874595901585,
cand_177,O=C1CCC(N2C(=O)c3cc(Br)cc(C(F)(F)F)c3C2=O)C(=O)N1,0.915,-6.191,0.4233588462724935,0.38737334433933157,
cand_178,CNc1c(Cl)ccc2c1C(=O)N(C1CCC(=O)NC1=O)C2=O,0.95,-5.762,0.323441643420646,0.3072695612496137,
cand_179,COc1cc(F)cc2c1C(=O)N(C1CCC(=O)NC1=O)C2=O,0.94,-5.884,0.35069173472886583,0.3296502306451339,
cand_180,NS(=O)(=O)c1c(O)ccc2c1C(=O)N(C1CCC(=O)NC1=O)C2=O,0.94,-6.334,0.4585950359608279,0.4310793338031782,
cand_181,Nc1ccc2c(c1O)C(=O)N(C1CCC(=O)NC1=O)C2=O,0.96,-5.791,0.32981984127629177,0.3166270476252401,
cand_182,O=C1CCC(N2C(=O)c3cc(I)c(C(F)(F)F)cc3C2=O)C(=O)N1,0.93,-6.238,0.4348721276091599,0.40443107867651873,
cand_183,NS(=O)(=O)c1cc(Cl)cc2c1C(=O)N(C1CCC(=O)NC1=O)C2=O,0.95,-5.913,0.3573234892728795,0.3394573148092355,
cand_184,O=C1CCC(N2C(=O)c3c(C(=O)O)ccc(C(F)(F)F)c3C2=O)C(=O)N1,0.89,-6.317,0.4543772506796822,0.40439575310491715,
cand_185,Nc1ccc2c(c1S(N)(=O)=O)C(=O)N(C1CCC(=O)NC1=O)C2=O,0.955,-5.768,0.32475599471615474,0.31014197495392776,
cand_186,CN(C)c1cc(C(=O)O)c2c(c1)C(=O)N(C1CCC(=O)NC1=O)C2=O,0.94,-6.224,0.4314347009222951,0.40554861886695737,
cand_187,O=C1CCC(N2C(=O)c3c([N+](=O)[O-])ccc(C(F)(F)F)c3C2=O)C(=O)N1,0.845,-6.265,0.44151888756183855,0.37308345998975356,
cand_188,N#Cc1cc(C#N)c2c(c1)C(=O)N(C1CCC(=O)NC1=O)C2=O,0.96,-6.191,0.4233588462724935,0.40642449242159373,
cand_189,Cc1ccc2c(c1N)C(=O)N(C1CCC(=O)NC1=O)C2=O,0.945,-5.767,0.3245367436182543,0.3066872227192503,
cand_190,O=C1CCC(N2C(=O)c3cc(Br)c(Br)cc3C2=O)C(=O)N1,0.95,-5.89,0.3520591979193497,0.3344562380233822,
cand_191,Nc1cc(Br)c2c(c1)C(=O)N(C1CCC(=O)NC1=O)C2=O,0.94,-5.823,0.3369312000745631,0.31671532807008934,
cand_192,CN(C)c1c(C(N)=O)ccc2c1C(=O)N(C1CCC(=O)NC1=O)C2=O,0.935,-5.924,0.3598535120310334,0.33646303374901626,
cand_193,Nc1cc2c(cc1O)C(=O)N(C1CCC(=O)NC1=O)C2=O,0.965,-5.921,0.3591627260970605,0.3465920306836634,
cand_194,O=C1CCC(N2C(=O)c3ccc(Cl)c(F)c3C2=O)C(=O)N1,0.96,-6.124,0.4070920095336311,0.39080832915228586,
cand_195,NC(=O)c1cc2c(cc1F)C(=O)N(C1CCC(=O)NC1=O)C2=O,0.95,-6.328,0.4571056966513691,0.4342504118188006,
cand_196,NC(=O)c1ccc(S(N)(=O)=O)c2c1C(=O)N(C1CCC(=O)NC1=O)C2=O,0.91,-6.128,0.40805783960041075,0.3713326340363738,
cand_197,O=C1CCC(N2C(=O)c3ccc(C(F)(F)F)c(C(=O)O)c3C2=O)C(=O)N1,0.905,-6.229,0.43266161298300315,0.39155875974961785,
cand_198,CCc1c(S(N)(=O)=O)ccc2c1C(=O)N(C1CCC(=O)NC1=O)C2=O,0.94,-6.286,0.446703243111897,0.4199010485251832,
cand_199,O=C1CCC(N2C(=O)c3c(O)ccc([N+](=O)[O-])c3C2=O)C(=O)N1,0.89,-6.351,0.4628187629475805,0.41190869902334665,
cand_200,CNc1cc(O)cc2c1C(=O)N(C1CCC(=O)NC1=O)C2=O,0.96,-6.383,0.47078332132468187,0.4519519884716946,
cand_201,CNc1cc(C#N)c2c(c1)C(=O)N(C1CCC(=O)NC1=O)C2=O,0.965,-6.138,0.41047550870181543,0.39610886589725186,
cand_202,Cc1ccc(C(F)(F)F)c2c1C(=O)N(C1CCC(=O)NC1=O)C2=O,0.87,-6.362,0.4655546474317898,0.40503254326565713,
cand_203,CN(C)c1cc(C(=O)O)cc2c1C(=O)N(C1CCC(=O)NC1=O)C2=O,0.94,-6.108,0.4032359342745535,0.37904177821808027,
cand_204,CNc1ccc2c(c1C#N)C(=O)N(C1CCC(=O)NC1=O)C2=O,0.955,-6.178,0.4201884100030751,0.40127993155293673,
cand_205,N#Cc1c(F)ccc2c1C(=O)N(C1CCC(=O)NC1=O)C2=O,0.97,-6.449,0.4872527628438865,0.4726351799585699,
cand_206,CCc1cc(Cl)cc2c1C(=O)N(C1CCC(=O)NC1=O)C2=O,0.95,-6.151,0.41362493946383755,0.39294369249064565,
cand_207,CN(C)c1ccc(C(=O)O)c2c1C(=O)N(C1CCC(=O)NC1=O)C2=O,0.945,-5.886,0.3511472846956098,0.33183418403735127,
cand_208,NS(=O)(=O)c1ccc(F)c2c1C(=O)N(C1CCC(=O)NC1=O)C2=O,0.94,-6.403,0.47576899614755824,0.44722285637870474,
cand_209,Nc1ccc2c(c1Cl)C(=O)N(C1CCC(=O)NC1=O)C2=O,0.945,-5.922,0.35939292336051193,0.33962631257568376,
cand_210,CNc1cc2c(cc1[N+](=O)[O-])C(=O)N(C1CCC(=O)NC1=O)C2=O,0.89,-6.361,0.46530584250501045,0.4141221998294593,
cand_211,NS(=O)(=O)c1cc(O)c2c(c1)C(=O)N(C1CCC(=O)NC1=O)C2=O,0.96,-6.995,0.6212835951910678,0.596432251383425,
cand_212,COc1c(C(F)(F)F)ccc2c1C(=O)N(C1CCC(=O)NC1=O)C2=O,0.905,-6.212,0.4284935705324441,0.3877866813318619,
cand_213,COc1ccc2c(c1S(N)(=O)=O)C(=O)N(C1CCC(=O)NC1=O)C2=O,0.945,-5.945,0.364705150677193,0.34464636738994736,
cand_214,COc1ccc(C)c2c1C(=O)N(C1CCC(=O)NC1=O)C2=O,0.92,-5.804,0.33269967517290844,0.3060837011590758,
cand_215,Nc1ccc(F)c2c1C(=O)N(C1CCC(=O)NC1=O)C2=O,0.955,-6.092,0.3993917804487254,0.38141915032853274,
cand_216,CNc1cc(NC)c2c(c1)C(=O)N(C1CCC(=O)NC1=O)C2=O,0.945,-5.812,0.3344781307879406,0.31608183359460384,
cand_217,N#Cc1cc([N+](=O)[O-])cc2c1C(=O)N(C1CCC(=O)NC1=O)C2=O,0.925,-6.574,0.5184915624537035,0.4796046952696758,
cand_218,CCc1ccc(Cl)c2c1C(=O)N(C1CCC(=O)NC1=O)C2=O,0.905,-5.933,0.36192934696513657,0.3275460590034486,
cand_219,CN(C)c1ccc(S(N)(=O)=O)c2c1C(=O)N(C1CCC(=O)NC1=O)C2=O,0.92,-5.982,0.37332001937773046,0.343454417827512,
cand_220,O=C1CCC(N2C(=O)c3ccc(O)c(F)c3C2=O)C(=O)N1,0.96,-5.956,0.3672575719054451,0.3525672690292273,
cand_221,Cc1cc2c(cc1O)C(=O)N(C1CCC(=O)NC1=O)C2=O,0.97,-5.972,0.3709834769552775,0.35985397264661917,
cand_222,CN(C)c1cc([N+](=O)[O-])cc2c1C(=O)N(C1CCC(=O)NC1=O)C2=O,0.915,-5.805,0.3329217229043747,0.30462337645750287,
cand_223,CCc1ccc2c(c1Cl)C(=O)N(C1CCC(=O)NC1=O)C2=O,0.91,-6.055,0.39055021637167475,0.355400696898224,
cand_224,N#Cc1c(O)ccc2c1C(=O)N(C1CCC(=O)NC1=O)C2=O,0.95,-6.548,0.5119976965307179,0.486397811704182,
cand_225,CCc1cc2c(cc1CC)C(=O)N(C1CCC(=O)NC1=O)C2=O,0.955,-6.167,0.41751085648839775,0.3987228679464198,
cand_226,CCc1ccc2c(c1C)C(=O)N(C1CCC(=O)NC1=O)C2=O,0.91,-6.012,0.38036482959282175,0.3461319949294678,
cand_227,CN(C)c1cc2c(c(S(N)(=O)=O)c1)C(=O)N(C1CCC(=O)NC1=O)C2=O,0.925,-5.83,0.3384968407970476,0.31310957773726905,
cand_228,O=C1CCC(N2C(=O)c3cc(I)cc(Cl)c3C2=O)C(=O)N1,0.96,-5.882,0.35023645675031195,0.33622699848029947,
cand_229,CNc1cc2c(cc1Br)C(=O)N(C1CCC(=O)NC1=O)C2=O,0.915,-5.995,0.376366371701774,0.34437523010712323,
cand_230,Nc1ccc(S(N)(=O)=O)c2c1C(=O)N(C1CCC(=O)NC1=O)C2=O,0.935,-6.287,0.446950415720503,0.41789863869867033,
cand_231,O=C1CCC(N2C(=O)c3ccc(F)c(C(=O)O)c3C2=O)C(=O)N1,0.945,-6.382,0.47053418223877286,0.44465480221564035,
cand_232,NC(=O)c1ccc(C(F)(F)F)c2c1C(=O)N(C1CCC(=O)NC1=O)C2=O,0.87,-6.407,0.4767667429566659,0.41478706637229934,
cand_233,O=C1CCC(N2C(=O)c3cc(Br)cc(Cl)c3C2=O)C(=O)N1,0.92,-5.891,0.35228734517170474,0.32410435755796835,
cand_234,NS(=O)(=O)c1cc(C(=O)O)c2c(c1)C(=O)N(C1CCC(=O)NC1=O)C2=O,0.94,-6.472,0.4930004572974814,0.46342042985963244,
cand_235,CCc1ccc2c(c1C(=O)O)C(=O)N(C1CCC(=O)NC1=O)C2=O,0.9,-6.351,0.4628187629475805,0.41653688665282246,
cand_236,NC(=O)c1ccc(F)c2c1C(=O)N(C1CCC(=O)NC1=O)C2=O,0.93,-6.31,0.45264238185691064,0.4209574151269269,
cand_237,O=C1CCC(N2C(=O)c3c(Cl)ccc(C(=O)O)c3C2=O)C(=O)N1,0.895,-6.411,0.47776467523002647,0.4275993843308737,
cand_238,N#Cc1cc(N)c2c(c1)C(=O)N(C1CCC(=O)NC1=O)C2=O,0.955,-6.459,0.48975143561284057,0.46771262101026273,
cand_239,COc1cc(C#N)cc2c1C(=O)N(C1CCC(=O)NC1=O)C2=O,0.95,-6.043,0.38769774808728596,0.36831286068292163,
cand_240,NC(=O)c1ccc2c(c1C(N)=O)C(=O)N(C1CCC(=O)NC1=O)C2=O,0.935,-6.399,0.47477144273070265,0.443911298953207,
cand_241,Cc1ccc(C)c2c1C(=O)N(C1CCC(=O)NC1=O)C2=O,0.92,-6.177,0.41994479935622675,0.38634921540772865,
cand_242,CNc1cc(I)c2c(c1)C(=O)N(C1CCC(=O)NC1=O)C2=O,0.95,-5.988,0.3747247960009129,0.3559885562008672,
cand_243,Nc1cc2c(cc1F)C(=O)N(C1CCC(=O)NC1=O)C2=O,0.96,-5.951,0.3660964477377415,0.35145258982823185,
cand_244,Nc1ccc2c(c1F)C(=O)N(C1CCC(=O)NC1=O)C2=O,0.955,-5.865,0.34637766910049606,0.3307906739909737,
cand_245,O=C1CCC(N2C(=O)c3c(I)ccc(I)c3C2=O)C(=O)N1,0.95,-5.778,0.32695272142812526,0.310605085356719,
cand_246,Cc1ccc2c(c1N(C)C)C(=O)N(C1CCC(=O)NC1=O)C2=O,0.925,-5.883,0.3504640616993818,0.3241792570719282,
cand_247,CCc1cc(Cl)c2c(c1)C(=O)N(C1CCC(=O)NC1=O)C2=O,0.925,-5.939,0.36331611060163677,0.33606740230651405,
cand_248,O=C1CCC(N2C(=O)c3c(F)ccc([N+](=O)[O-])c3C2=O)C(=O)N1,0.915,-6.096,0.4003516774075941,0.3663217848279486,
cand_249,O=C1CCC(N2C(=O)c3cc(C(=O)O)c([N+](=O)[O-])cc3C2=O)C(=O)N1,0.915,-6.275,0.44398610945538014,0.4062472901516728,
cand_250,COc1cc(F)c2c(c1)C(=O)N(C1CCC(=O)NC1=O)C2=O,0.945,-6.311,0.45289015082601536,0.4279811925305845,
cand_251,O=C1CCC(N2C(=O)c3cc(Br)cc(Br)c3C2=O)C(=O)N1,0.935,-5.652,0.299852571390463,0.28036215425008293,
cand_252,N#Cc1cc2c(cc1F)C(=O)N(C1CCC(=O)NC1=O)C2=O,0.96,-6.197,0.42482427254931265,0.4078313016473401,
cand_253,CN(C)c1cc2c(cc1O)C(=O)N(C1CCC(=O)NC1=O)C2=O,0.97,-6.017,0.3815439695993676,0.37009765051138654,
cand_254,COc1ccc(N)c2c1C(=O)N(C1CCC(=O)NC1=O)C2=O,0.94,-5.887,0.35137516146584247,0.3302926517778919,
cand_255,Cc1c(S(N)(=O)=O)ccc2c1C(=O)N(C1CCC(=O)NC1=O)C2=O,0.95,-6.495,0.49875000260416025,0.47381250247395224,
cand_256,O=C1CCC(N2C(=O)c3cc(O)c(F)cc3C2=O)C(=O)N1,0.975,-6.035,0.3858003572231049,0.3761553482925273,
cand_257,CCc1ccc(C#N)c2c1C(=O)N(C1CCC(=O)NC1=O)C2=O,0.94,-6.069,0.39388756610077963,0.3702543121347328,
cand_258,CN(C)c1ccc2c(c1C(=O)O)C(=O)N(C1CCC(=O)NC1=O)C2=O,0.945,-6.089,0.3986723641673851,0.37674538413817893,
cand_259,O=C1CCC(N2C(=O)c3ccc(C(F)(F)F)c(Cl)c3C2=O)C(=O)N1,0.895,-6.056,0.3907882631508698,0.3497554955200285,
cand_260,CCc1ccc(C(F)(F)F)c2c1C(=O)N(C1CCC(=O)NC1=O)C2=O,0.875,-6.095,0.4001116311360017,0.3500976772440015,
cand_261,CNc1cc(F)cc2c1C(=O)N(C1CCC(=O)NC1=O)C2=O,0.93,-6.41,0.4775151752081999,0.44408911294362596,
cand_262,O=C1CCC(N2C(=O)c3cc(O)c(O)cc3C2=O)C(=O)N1,0.98,-6.123,0.40685066387137636,0.3987136505939488,
cand_263,Cc1cc(F)c2c(c1)C(=O)N(C1CCC(=O)NC1=O)C2=O,0.945,-6.106,0.4027547541256734,0.38060324264876133,
cand_264,O=C1CCC(N2C(=O)c3cc(C(F)(F)F)cc(O)c3C2=O)C(=O)N1,0.925,-6.347,0.4618244419312382,0.4271876087863954,
cand_265,NS(=O)(=O)c1ccc2c(c1C(F)(F)F)C(=O)N(C1CCC(=O)NC1=O)C2=O,0.925,-6.295,0.448928730692658,0.41525907589070865,
cand_266,N#Cc1cc2c(cc1Br)C(=O)N(C1CCC(=O)NC1=O)C2=O,0.93,-6.519,0.5047498571093251,0.46941736711167237,
cand_267,CNc1cc(O)c2c(c1)C(=O)N(C1CCC(=O)NC1=O)C2=O,0.96,-5.947,0.3651686665528022,0.35056191989069013,
cand_268,CNc1cc2c(cc1O)C(=O)N(C1CCC(=O)NC1=O)C2=O,0.95,-5.823,0.3369312000745631,0.3200846400708349,
cand_269,CNc1cc(C(N)=O)cc2c1C(=O)N(C1CCC(=O)NC1=O)C2=O,0.89,-6.188,0.422626636773127,0.37613770672808305,
cand_270,N#Cc1ccc(Cl)c2c1C(=O)N(C1CCC(=O)NC1=O)C2=O,0.95,-6.152,0.4138674997437005,0.3931741247565155,
cand_271,COc1cc(I)c2c(c1)C(=O)N(C1CCC(=O)NC1=O)C2=O,0.95,-5.801,0.33203397798231166,0.31543227908319604,
cand_272,NS(=O)(=O)c1c(Cl)ccc2c1C(=O)N(C1CCC(=O)NC1=O)C2=O,0.94,-6.461,0.4902512356245619,0.46083616148708817,
cand_273,O=C1CCC(N2C(=O)c3ccc(O)c([N+](=O)[O-])c3C2=O)C(=O)N1,0.92,-6.148,0.41289751045783035,0.3798657096212039,
cand_274,COc1cc2c(cc1N(C)C)C(=O)N(C1CCC(=O)NC1=O)C2=O,0.96,-6.389,0.4722784572508355,0.4533873189608021,
cand_275,NC(=O)c1ccc(Cl)c2c1C(=O)N(C1CCC(=O)NC1=O)C2=O,0.885,-6.445,0.4862534650976451,0.4303343166114159,
cand_276,COc1ccc2c(c1N(C)C)C(=O)N(C1CCC(=O)NC1=O)C2=O,0.96,-5.609,0.2909035056538605,0.279267365427706,
cand_277,Cc1cc(C(=O)O)cc2c1C(=O)N(C1CCC(=O)NC1=O)C2=O,0.955,-6.572,0.5179922280289649,0.4946825777676615,
cand_278,N#Cc1c(C(=O)O)ccc2c1C(=O)N(C1CCC(=O)NC1=O)C2=O,0.93,-6.335,0.45884333184977194,0.42672429862028793,
cand_279,O=C1CCC(N2C(=O)c3cc(Br)cc(I)c3C2=O)C(=O)N1,0.92,-5.605,0.2900790816655469,0.2668727551323032,
cand_280,CN(C)c1cc2c(c(N(C)C)c1)C(=O)N(C1CCC(=O)NC1=O)C2=O,0.955,-6.008,0.37942253207290905,0.36234851812962815,
cand_281,CNc1ccc(C(=O)O)c2c1C(=O)N(C1CCC(=O)NC1=O)C2=O,0.93,-6.235,0.4341349971045184,0.40374554730720214,
cand_282,CN(C)c1ccc2c(c1C(N)=O)C(=O)N(C1CCC(=O)NC1=O)C2=O,0.93,-6.163,0.41653839648976954,0.3873807087354857,
cand_283,N#Cc1cc(Br)cc2c1C(=O)N(C1CCC(=O)NC1=O)C2=O,0.925,-6.265,0.44151888756183855,0.4084049709947007,
cand_284,CCc1c(Cl)ccc2c1C(=O)N(C1CCC(=O)NC1=O)C2=O,0.94,-6.165,0.4170245457988005,0.39200307305087245,
cand_285,O=C1CCC(N2C(=O)c3ccc(I)c(F)c3C2=O)C(=O)N1,0.965,-6.063,0.39245604090285835,0.3787200794712583,
cand_286,CNc1ccc2c(c1Br)C(=O)N(C1CCC(=O)NC1=O)C2=O,0.91,-5.851,0.34321492040983254,0.3123255775729476,
cand_287,CN(C)c1ccc(F)c2c1C(=O)N(C1CCC(=O)NC1=O)C2=O,0.96,-5.697,0.3093841557917043,0.2970087895600361,
cand_288,Cc1cc2c(c(N(C)C)c1)C(=O)N(C1CCC(=O)NC1=O)C2=O,0.935,-5.767,0.3245367436182543,0.3034418552830678,
cand_289,CN(C)c1cc(I)c2c(c1)C(=O)N(C1CCC(=O)NC1=O)C2=O,0.95,-5.748,0.3203856670948647,0.3043663837401215,
cand_290,CCc1ccc2c(c1N)C(=O)N(C1CCC(=O)NC1=O)C2=O,0.895,-6.069,0.39388756610077963,0.35252937166019777,
cand_291,O=C1CCC(N2C(=O)c3c(O)ccc(I)c3C2=O)C(=O)N1,0.945,-5.78,0.3273929829322396,0.30938636887096643,
cand_292,Nc1ccc([N+](=O)[O-])c2c1C(=O)N(C1CCC(=O)NC1=O)C2=O,0.885,-6.061,0.3919792750146393,0.3469016583879558,
cand_293,COc1cc(Br)cc2c1C(=O)N(C1CCC(=O)NC1=O)C2=O,0.87,-5.672,0.30406812565627334,0.2645392693209578,
cand_294,O=C1CCC(N2C(=O)c3c(Br)ccc([N+](=O)[O-])c3C2=O)C(=O)N1,0.865,-5.887,0.35137516146584247,0.3039395146679537,
cand_295,O=C1CCC(N2C(=O)c3cc(C(=O)O)cc(F)c3C2=O)C(=O)N1,0.94,-6.366,0.4665500373215722,0.43855703508227784,
cand_296,CNc1cc2c(cc1C#N)C(=O)N(C1CCC(=O)NC1=O)C2=O,0.94,-6.092,0.3993917804487254,0.37542827362180187,
cand_297,O=C1CCC(N2C(=O)c3cc(F)c(C(=O)O)cc3C2=O)C(=O)N1,0.955,-6.754,0.5631607911054749,0.5378185555057285,
cand_298,CNc1cc2c(cc1C(F)(F)F)C(=O)N(C1CCC(=O)NC1=O)C2=O,0.92,-6.203,0.42629102139255,0.392187739681146,
cand_299,COc1cc2c(cc1O)C(=O)N(C1CCC(=O)NC1=O)C2=O,0.97,-6.15,0.41338242108267004,0.40098094845018994,
cand_300,O=C1CCC(N2C(=O)c3cc(O)cc(O)c3C2=O)C(=O)N1,0.97,-6.021,0.38248828845677607,0.3710136398030728,
cand_301,Nc1cc2c(c(C(F)(F)F)c1)C(=O)N(C1CCC(=O)NC1=O)C2=O,0.965,-6.051,0.38959855129925147,0.3759626020037777,
cand_302,N#Cc1cc(O)c2c(c1)C(=O)N(C1CCC(=O)NC1=O)C2=O,0.95,-6.181,0.42091947482742115,0.3998735010860501,
cand_303,CN(C)c1ccc2c(c1C(F)(F)F)C(=O)N(C1CCC(=O)NC1=O)C2=O,0.95,-6.378,0.46953777394492313,0.44606088524767695,
cand_304,N#Cc1c([N+](=O)[O-])ccc2c1C(=O)N(C1CCC(=O)NC1=O)C2=O,0.905,-6.529,0.5072494919385613,0.459060790204398,
cand_305,O=C1CCC(N2C(=O)c3cc(O)cc(C(=O)O)c3C2=O)C(=O)N1,0.96,-6.172,0.41872733339077445,0.40197824005514343,
cand_306,CCc1ccc([N+](=O)[O-])c2c1C(=O)N(C1CCC(=O)NC1=O)C2=O,0.87,-5.784,0.3282744175948609,0.285598743307529,
cand_307,Nc1c([N+](=O)[O-])ccc2c1C(=O)N(C1CCC(=O)NC1=O)C2=O,0.905,-6.721,0.5550262207923469,0.5022987298170739,
cand_308,NS(=O)(=O)c1ccc(C(=O)O)c2c1C(=O)N(C1CCC(=O)NC1=O)C2=O,0.905,-6.001,0.37777570127268073,0.3418870096517761,
cand_309,CNc1ccc(C(N)=O)c2c1C(=O)N(C1CCC(=O)NC1=O)C2=O,0.905,-6.206,0.4270248840783781,0.38645752009093215,
cand_310,CNc1c(F)ccc2c1C(=O)N(C1CCC(=O)NC1=O)C2=O,0.97,-5.931,0.3614676016364688,0.3506235735873747,
cand_311,O=C1CCC(N2C(=O)c3cc(C(=O)O)cc(O)c3C2=O)C(=O)N1,0.945,-6.185,0.4218947671156908,0.39869055492432776,
cand_312,O=C1CCC(N2C(=O)c3c(Br)ccc(I)c3C2=O)C(=O)N1,0.92,-5.755,0.3219117504483725,0.2961588104125027,
cand_313,CCc1c(C(N)=O)ccc2c1C(=O)N(C1CCC(=O)NC1=O)C2=O,0.935,-5.983,0.3735540011815518,0.34927299110475096,
cand_314,CN(C)c1cc(N)cc2c1C(=O)N(C1CCC(=O)NC1=O)C2=O,0.945,-5.746,0.31995034623687263,0.30235307719384463,
cand_315,COc1cc2c(cc1[N+](=O)[O-])C(=O)N(C1CCC(=O)NC1=O)C2=O,0.915,-6.374,0.468541608443683,0.42871557172596997,
cand_316,O=C1CCC(N2C(=O)c3c(C(=O)O)ccc(C(=O)O)c3C2=O)C(=O)N1,0.93,-6.097,0.40059177152436687,0.3725503475176612,
cand_317,CN(C)c1cc2c(cc1S(N)(=O)=O)C(=O)N(C1CCC(=O)NC1=O)C2=O,0.93,-6.157,0.4150809257548097,0.38602526095197304,
cand_318,N#Cc1ccc(I)c2c1C(=O)N(C1CCC(=O)NC1=O)C2=O,0.96,-5.824,0.337154645059339,0.3236684592569654,
cand_319,COc1cc2c(cc1C(=O)O)C(=O)N(C1CCC(=O)NC1=O)C2=O,0.95,-6.35,0.46257015465625034,0.4394416469234378,
cand_320,Cc1ccc(S(N)(=O)=O)c2c1C(=O)N(C1CCC(=O)NC1=O)C2=O,0.915,-6.224,0.4314347009222951,0.3947627513439,
cand_321,NS(=O)(=O)c1cc(C(F)(F)F)cc2c1C(=O)N(C1CCC(=O)NC1=O)C2=O,0.935,-6.344,0.4610788999945347,0.43110877149488996,
cand_322,O=C1CCC(N2C(=O)c3ccc(C(=O)O)c(F)c3C2=O)C(=O)N1,0.945,-6.508,0.5019999893334016,0.4743899899200645,
cand_323,O=C1CCC(N2C(=O)c3cc(C(=O)O)c(C(F)(F)F)cc3C2=O)C(=O)N1,0.91,-6.267,0.4420121050042183,0.40223101555383867,
cand_324,N#Cc1ccc2c(c1C#N)C(=O)N(C1CCC(=O)NC1=O)C2=O,0.92,-6.593,0.5232332570433341,0.4813745964798674,
cand_325,O=C1CCC(N2C(=O)c3ccc([N+](=O)[O-])c(Br)c3C2=O)C(=O)N1,0.875,-6.1,0.40131233988754794,0.35114829740160447,
cand_326,CNc1cc(C#N)cc2c1C(=O)N(C1CCC(=O)NC1=O)C2=O,0.945,-6.517,0.5042498976487914,0.4765161532781078,
cand_327,N#Cc1ccc2c(c1O)C(=O)N(C1CCC(=O)NC1=O)C2=O,0.965,-6.638,0.5344453525682101,0.5157397652283228,
cand_328,CNc1cc(I)cc2c1C(=O)N(C1CCC(=O)NC1=O)C2=O,0.94,-6.148,0.41289751045783035,0.3881236598303605,
cand_329,Cc1c(N(C)C)ccc2c1C(=O)N(C1CCC(=O)NC1=O)C2=O,0.96,-6.052,0.3898363890571893,0.37424293349490173,
cand_330,CNc1cc(C(N)=O)c2c(c1)C(=O)N(C1CCC(=O)NC1=O)C2=O,0.93,-6.388,0.47202923266442653,0.4389871863779167,
cand_331,CCc1cc(CC)c2c(c1)C(=O)N(C1CCC(=O)NC1=O)C2=O,0.935,-6.228,0.4324161639899626,0.40430911333061503,
cand_332,Nc1cc2c(cc1I)C(=O)N(C1CCC(=O)NC1=O)C2=O,0.955,-5.8,0.33181222783183384,0.3168806775794013,
cand_333,Nc1cc2c(cc1[N+](=O)[O-])C(=O)N(C1CCC(=O)NC1=O)C2=O,0.91,-6.3,0.45016600268752205,0.4096510624456451,
cand_334,COc1c(Cl)ccc2c1C(=O)N(C1CCC(=O)NC1=O)C2=O,0.885,-5.892,0.3525155598344842,0.3119762704535185,
cand_335,O=C1CCC(N2C(=O)c3cc(F)cc(I)c3C2=O)C(=O)N1,0.935,-6.005,0.3787164048089321,0.3540998384963515,
cand_336,Cc1cc2c(cc1N)C(=O)N(C1CCC(=O)NC1=O)C2=O,0.91,-5.928,0.36077546348243683,0.32830567176901754,
cand_337,NC(=O)c1c(I)ccc2c1C(=O)N(C1CCC(=O)NC1=O)C2=O,0.93,-6.349,0.46232156497496213,0.4299590554267148,
cand_338,NC(=O)c1c(N)ccc2c1C(=O)N(C1CCC(=O)NC1=O)C2=O,0.925,-6.145,0.41217046151748843,0.3812576769036768,
cand_339,N#Cc1cc(C(N)=O)cc2c1C(=O)N(C1CCC(=O)NC1=O)C2=O,0.9,-6.427,0.4817581002042618,0.43358229018383565,
cand_340,O=C1CCC(N2C(=O)c3cc(I)c(I)cc3C2=O)C(=O)N1,0.97,-5.623,0.2937998381134745,0.28498584297007024,
cand_341,CNc1cc(N)c2c(c1)C(=O)N(C1CCC(=O)NC1=O)C2=O,0.935,-5.908,0.3561760931292444,0.33302464707584356,
cand_342,CN(C)c1cc2c(cc1[N+](=O)[O-])C(=O)N(C1CCC(=O)NC1=O)C2=O,0.92,-6.052,0.3898363890571893,0.3586494779326142,
cand_343,CN(C)c1ccc(O)c2c1C(=O)N(C1CCC(=O)NC1=O)C2=O,0.95,-5.656,0.300693007141384,0.28565835678431484,
cand_344,NC(=O)c1ccc(C(=O)O)c2c1C(=O)N(C1CCC(=O)NC1=O)C2=O,0.905,-6.146,0.4124127687511987,0.37323355571983485,
cand_345,Cc1ccc2c(c1S(N)(=O)=O)C(=O)N(C1CCC(=O)NC1=O)C2=O,0.95,-6.026,0.38366993526996107,0.364486438506463,
cand_346,CNc1ccc(O)c2c1C(=O)N(C1CCC(=O)NC1=O)C2=O,0.94,-6.22,0.43045377606077095,0.4046265494971247,
cand_347,CN(C)c1ccc2c(c1S(N)(=O)=O)C(=O)N(C1CCC(=O)NC1=O)C2=O,0.93,-6.021,0.38248828845677607,0.35571410826480176,
cand_348,O=C1CCC(N2C(=O)c3ccc(I)c(C(F)(F)F)c3C2=O)C(=O)N1,0.955,-6.148,0.41289751045783035,0.39431712248722794,
cand_349,NS(=O)(=O)c1c(I)ccc2c1C(=O)N(C1CCC(=O)NC1=O)C2=O,0.95,-6.409,0.47726568640604844,0.453402402085746,
cand_350,O=C1CCC(N2C(=O)c3ccc(Cl)c(C(=O)O)c3C2=O)C(=O)N1,0.92,-6.479,0.4947501929289918,0.4551701774946725,
cand_351,CN(C)c1cc2c(c(C(F)(F)F)c1)C(=O)N(C1CCC(=O)NC1=O)C2=O,0.95,-6.069,0.39388756610077963,0.3741931877957406,
cand_352,N#Cc1cc(Cl)c2c(c1)C(=O)N(C1CCC(=O)NC1=O)C2=O,0.94,-6.144,0.4119281968435018,0.3872125050328917,
cand_353,CN(C)c1cc(Br)c2c(c1)C(=O)N(C1CCC(=O)NC1=O)C2=O,0.93,-5.789,0.3293779144108152,0.30632146040205815,
cand_354,Cc1ccc(C(N)=O)c2c1C(=O)N(C1CCC(=O)NC1=O)C2=O,0.91,-6.31,0.45264238185691064,0.4119045674897887,
cand_355,Nc1cc(F)cc2c1C(=O)N(C1CCC(=O)NC1=O)C2=O,0.94,-5.965,0.36935147434892557,0.34719038588799,
cand_356,NC(=O)c1cc(C(=O)O)c2c(c1)C(=O)N(C1CCC(=O)NC1=O)C2=O,0.89,-6.169,0.41799732766582764,0.3720176216225866,
cand_357,O=C1CCC(N2C(=O)c3cc(C(F)(F)F)cc(Br)c3C2=O)C(=O)N1,0.93,-6.288,0.4471976145553064,0.41589378153643497,
cand_358,N#Cc1c(Br)ccc2c1C(=O)N(C1CCC(=O)NC1=O)C2=O,0.9,-6.181,0.42091947482742115,0.37882752734467906,
cand_359,N#Cc1c(N)ccc2c1C(=O)N(C1CCC(=O)NC1=O)C2=O,0.945,-6.086,0.3979533851333068,0.3760659489509749,
cand_360,N#Cc1ccc2c(c1Br)C(=O)N(C1CCC(=O)NC1=O)C2=O,0.92,-6.247,0.4370852351277012,0.40211841631748513,
cand_361,NS(=O)(=O)c1cc(Br)cc2c1C(=O)N(C1CCC(=O)NC1=O)C2=O,0.915,-5.875,0.34864513533394575,0.31901029883056037,
cand_362,NS(=O)(=O)c1cc2c(cc1S(N)(=O)=O)C(=O)N(C1CCC(=O)NC1=O)C2=O,0.95,-6.308,0.45214691443837246,0.4295395687164538,
cand_363,COc1ccc(Br)c2c1C(=O)N(C1CCC(=O)NC1=O)C2=O,0.935,-5.644,0.2981757371914264,0.2787943142739837,
cand_364,O=C1CCC(N2C(=O)c3cc(F)cc(Br)c3C2=O)C(=O)N1,0.92,-5.985,0.37402214223339625,0.34410037085472456,
cand_365,Cc1cc(C(=O)O)c2c(c1)C(=O)N(C1CCC(=O)NC1=O)C2=O,0.94,-6.43,0.48250714233361014,0.4535567137935935,
cand_366,CCc1cc(C(=O)O)cc2c1C(=O)N(C1CCC(=O)NC1=O)C2=O,0.945,-6.372,0.46804361920235915,0.44230122014622936,
cand_367,CN(C)c1cc(S(N)(=O)=O)cc2c1C(=O)N(C1CCC(=O)NC1=O)C2=O,0.93,-6.299,0.44991849846956017,0.41842420357669097,
cand_368,Nc1cc(S(N)(=O)=O)cc2c1C(=O)N(C1CCC(=O)NC1=O)C2=O,0.95,-6.378,0.46953777394492313,0.44606088524767695,
cand_369,Nc1cc(O)c2c(c1)C(=O)N(C1CCC(=O)NC1=O)C2=O,0.955,-6.032,0.3850897258928416,0.36776068822766367,
cand_370,CCc1cc(O)c2c(c1)C(=O)N(C1CCC(=O)NC1=O)C2=O,0.93,-6.022,0.3827245071932094,0.35593379168968475,
cand_371,CNc1ccc(Cl)c2c1C(=O)N(C1CCC(=O)NC1=O)C2=O,0.925,-5.933,0.36192934696513657,0.3347846459427513,
cand_372,Cc1cc(F)cc2c1C(=O)N(C1CCC(=O)NC1=O)C2=O,0.935,-6.07,0.39412633156823945,0.3685081200163039,
cand_373,CN(C)c1cc(I)cc2c1C(=O)N(C1CCC(=O)NC1=O)C2=O,0.955,-5.717,0.3136736778245959,0.29955836232248906,
cand_374,Cc1c([N+](=O)[O-])ccc2c1C(=O)N(C1CCC(=O)NC1=O)C2=O,0.915,-6.175,0.41945769517934034,0.3838037910890964,
cand_375,Cc1c(C(=O)O)ccc2c1C(=O)N(C1CCC(=O)NC1=O)C2=O,0.94,-6.212,0.4284935705324441,0.4027839563004974,
cand_376,CCc1cc2c(cc1I)C(=O)N(C1CCC(=O)NC1=O)C2=O,0.955,-5.927,0.3605448790762277,0.34432035951779744,
cand_377,O=C1CCC(N2C(=O)c3c(F)ccc(C(=O)O)c3C2=O)C(=O)N1,0.94,-6.39,0.47252769565540614,0.44417603391608174,
cand_378,O=C1CCC(N2C(=O)c3cc(C(=O)O)cc(C(=O)O)c3C2=O)C(=O)N1,0.95,-6.416,0.47901233929346776,0.4550617223287943,
cand_379,O=C1CCC(N2C(=O)c3ccc(Cl)c(O)c3C2=O)C(=O)N1,0.95,-5.985,0.37402214223339625,0.3553210351217264,
cand_380,CN(C)c1cc(Cl)cc2c1C(=O)N(C1CCC(=O)NC1=O)C2=O,0.95,-6.158,0.4153237351045503,0.3945575483493228,
cand_381,O=C1CCC(N2C(=O)c3cc(O)c(Cl)cc3C2=O)C(=O)N1,0.98,-5.849,0.3427642250070577,0.33590894050691655,
cand_382,O=C1CCC(N2C(=O)c3ccc(C(F)(F)F)c(C(F)(F)F)c3C2=O)C(=O)N1,0.915,-6.318,0.4546251805350073,0.41598204018953167,
cand_383,COc1ccc2c(c1I)C(=O)N(C1CCC(=O)NC1=O)C2=O,0.965,-6.112,0.40419885255655175,0.3900518927170724,
cand_384,NC(=O)c1cc2c(c(C(F)(F)F)c1)C(=O)N(C1CCC(=O)NC1=O)C2=O,0.905,-6.191,0.4233588462724935,0.3831397558766066,
cand_385,CNc1cc(C)cc2c1C(=O)N(C1CCC(=O)NC1=O)C2=O,0.92,-6.203,0.42629102139255,0.392187739681146,
cand_386,CCc1ccc2c(c1OC)C(=O)N(C1CCC(=O)NC1=O)C2=O,0.89,-5.865,0.34637766910049606,0.3082761254994415,
cand_387,CN(C)c1cc(Cl)c2c(c1)C(=O)N(C1CCC(=O)NC1=O)C2=O,0.96,-5.885,0.35091947575542665,0.33688269672520954,
cand_388,COc1ccc2c(c1C(F)(F)F)C(=O)N(C1CCC(=O)NC1=O)C2=O,0.96,-6.336,0.45909164817761844,0.4407279822505137,
cand_389,Cc1cc(N)cc2c1C(=O)N(C1CCC(=O)NC1=O)C2=O,0.945,-6.176,0.41970122771085155,0.3966176601867547,
cand_390,O=C1CCC(N2C(=O)c3cc(F)cc(O)c3C2=O)C(=O)N1,0.945,-6.133,0.409266125741045,0.3867564888252875,
cand_391,COc1cc2c(cc1C#N)C(=O)N(C1CCC(=O)NC1=O)C2=O,0.955,-6.521,0.5052498070710081,0.4825135657528127,
cand_392,O=C1CCC(N2C(=O)c3ccc(O)c(I)c3C2=O)C(=O)N1,0.96,-5.693,0.3085301456820691,0.29618893985478634,
cand_393,O=C1CCC(N2C(=O)c3cc(C(F)(F)F)c(C(F)(F)F)cc3C2=O)C(=O)N1,0.93,-6.682,0.5453748194649927,0.5071985821024432,
cand_394,O=C1CCC(N2C(=O)c3cc(C(F)(F)F)cc([N+](=O)[O-])c3C2=O)C(=O)N1,0.895,-6.377,0.4692887094999521,0.42001339500245716,
cand_395,NC(=O)c1c([N+](=O)[O-])ccc2c1C(=O)N(C1CCC(=O)NC1=O)C2=O,0.885,-6.72,0.5547792351072146,0.4909796230698849,
cand_396,O=C1CCC(N2C(=O)c3c(O)ccc(Br)c3C2=O)C(=O)N1,0.93,-5.882,0.35023645675031195,0.3257199047777901,
cand_397,Cc1c(Br)ccc2c1C(=O)N(C1CCC(=O)NC1=O)C2=O,0.935,-6.003,0.37824593850636834,0.35365995250345444,
cand_398,O=C1CCC(N2C(=O)c3ccc(Cl)c(C(F)(F)F)c3C2=O)C(=O)N1,0.945,-6.137,0.4102335450181969,0.38767070004219606,
cand_399,Nc1c(S(N)(=O)=O)ccc2c1C(=O)N(C1CCC(=O)NC1=O)C2=O,0.95,-6.461,0.4902512356245619,0.4657386738433338,
cand_400,NC(=O)c1cc2c(cc1S(N)(=O)=O)C(=O)N(C1CCC(=O)NC1=O)C2=O,0.95,-6.368,0.467047832658105,0.44369544102519975,
cand_401,CCc1cc2c(cc1NC)C(=O)N(C1CCC(=O)NC1=O)C2=O,0.93,-5.835,0.3396173269207839,0.31584411403632906,
cand_402,N#Cc1cc(F)cc2c1C(=O)N(C1CCC(=O)NC1=O)C2=O,0.94,-6.356,0.4640620792755912,0.43621835451905566,
cand_403,COc1cc2c(cc1C(N)=O)C(=O)N(C1CCC(=O)NC1=O)C2=O,0.94,-6.141,0.4112016592783589,0.3865295597216573,
cand_404,Nc1ccc(Br)c2c1C(=O)N(C1CCC(=O)NC1=O)C2=O,0.915,-5.82,0.3362613025956474,0.3076790918750174,
cand_405,NS(=O)(=O)c1ccc(I)c2c1C(=O)N(C1CCC(=O)NC1=O)C2=O,0.925,-6.144,0.4119281968435018,0.3810335820802392,
cand_406,CNc1c(C#N)ccc2c1C(=O)N(C1CCC(=O)NC1=O)C2=O,0.965,-6.159,0.41556658557814696,0.4010217550829118,
cand_407,CCc1ccc2c(c1C(N)=O)C(=O)N(C1CCC(=O)NC1=O)C2=O,0.885,-6.144,0.4119281968435018,0.36455645420649907,
cand_408,Nc1c(C(F)(F)F)ccc2c1C(=O)N(C1CCC(=O)NC1=O)C2=O,0.905,-6.107,0.40299532086175255,0.36471076537988606,
cand_409,Nc1ccc(C(F)(F)F)c2c1C(=O)N(C1CCC(=O)NC1=O)C2=O,0.885,-6.194,0.42409139255332623,0.3753208824096937,
cand_410,CCc1ccc(NC)c2c1C(=O)N(C1CCC(=O)NC1=O)C2=O,0.915,-6.138,0.41047550870181543,0.37558509046216115,
cand_411,O=C1CCC(N2C(=O)c3ccc(C(=O)O)c(C(F)(F)F)c3C2=O)C(=O)N1,0.93,-6.269,0.44250543686239424,0.41153005628202666,
cand_412,CN(C)c1ccc2c(c1N)C(=O)N(C1CCC(=O)NC1=O)C2=O,0.94,-5.819,0.336038149514066,0.31587586054322203,
cand_413,CN(C)c1cc2c(cc1F)C(=O)N(C1CCC(=O)NC1=O)C2=O,0.955,-5.922,0.35939292336051193,0.3432202418092889,
cand_414,CCc1ccc2c(c1[N+](=O)[O-])C(=O)N(C1CCC(=O)NC1=O)C2=O,0.865,-5.95,0.36586440898919936,0.31647271377565744,
cand_415,N#Cc1ccc2c(c1N)C(=O)N(C1CCC(=O)NC1=O)C2=O,0.89,-6.633,0.5332010732738305,0.47454895521370916,
cand_416,Nc1ccc(O)c2c1C(=O)N(C1CCC(=O)NC1=O)C2=O,0.945,-5.962,0.36865295576584783,0.3483770431987262,
cand_417,CNc1ccc(C)c2c1C(=O)N(C1CCC(=O)NC1=O)C2=O,0.905,-6.008,0.37942253207290905,0.3433773915259827,
cand_418,COc1cc(N(C)C)cc2c1C(=O)N(C1CCC(=O)NC1=O)C2=O,0.96,-5.808,0.3335883110696085,0.32024477862682416,
cand_419,Cc1ccc(N(C)C)c2c1C(=O)N(C1CCC(=O)NC1=O)C2=O,0.915,-5.825,0.33737816282991756,0.3087010189893746,
cand_420,NC(=O)c1cc2c(cc1O)C(=O)N(C1CCC(=O)NC1=O)C2=O,0.965,-6.282,0.44571481732653206,0.43011479872010344,
cand_421,O=C1CCC(N2C(=O)c3cc([N+](=O)[O-])cc([N+](=O)[O-])c3C2=O)C(=O)N1,0.91,-6.181,0.42091947482742115,0.38303672209295325,
cand_422,N#Cc1ccc(C(N)=O)c2c1C(=O)N(C1CCC(=O)NC1=O)C2=O,0.935,-6.535,0.5087491068802404,0.4756804149330248,
cand_423,COc1cc(C(=O)O)c2c(c1)C(=O)N(C1CCC(=O)NC1=O)C2=O,0.935,-6.079,0.39627748369828353,0.3705194472578951,
cand_424,NC(=O)c1ccc(C(N)=O)c2c1C(=O)N(C1CCC(=O)NC1=O)C2=O,0.92,-6.096,0.4003516774075941,0.36832354321498656,
cand_425,Nc1c(F)ccc2c1C(=O)N(C1CCC(=O)NC1=O)C2=O,0.97,-5.796,0.33092597374873256,0.3209981945362706,
cand_426,CNc1c(Br)ccc2c1C(=O)N(C1CCC(=O)NC1=O)C2=O,0.93,-5.979,0.3726184299883845,0.3465351398891976,
cand_427,CN(C)c1c(C(=O)O)ccc2c1C(=O)N(C1CCC(=O)NC1=O)C2=O,0.96,-5.726,0.31561446181158487,0.30298988333912147,
cand_428,CCc1cc(N)c2c(c1)C(=O)N(C1CCC(=O)NC1=O)C2=O,0.92,-6.048,0.3888853534879901,0.35777452520895087,
cand_429,CCc1ccc2c(c1CC)C(=O)N(C1CCC(=O)NC1=O)C2=O,0.915,-5.957,0.36748998218456586,0.3362533336988778,
cand_430,O=C1CCC(N2C(=O)c3ccc(O)c(C(F)(F)F)c3C2=O)C(=O)N1,0.95,-6.114,0.4046805889780738,0.38444655952917006,
cand_431,NS(=O)(=O)c1ccc2c(c1[N+](=O)[O-])C(=O)N(C1CCC(=O)NC1=O)C2=O,0.915,-6.205,0.42678022732016513,0.3905039079979511,
cand_432,O=C1CCC(N2C(=O)c3ccc(C(=O)O)c(Cl)c3C2=O)C(=O)N1,0.94,-6.231,0.4331526100285035,0.4071634534267933,
cand_433,N#Cc1ccc(S(N)(=O)=O)c2c1C(=O)N(C1CCC(=O)NC1=O)C2=O,0.94,-6.358,0.4645595317963001,0.4366859598885221,
cand_434,NC(=O)c1cc2c(c([N+](=O)[O-])c1)C(=O)N(C1CCC(=O)NC1=O)C2=O,0.855,-6.319,0.45487313289089665,0.3889165286217166,
cand_435,O=C1CCC(N2C(=O)c3cc(Br)c(I)cc3C2=O)C(=O)N1,0.945,-5.736,0.3177784535993239,0.30030063865136103,
cand_436,O=C1CCC(N2C(=O)c3cc(C(=O)O)cc(Cl)c3C2=O)C(=O)N1,0.935,-6.24,0.4353637081969709,0.4070650671641678,
cand_437,O=C1CCC(N2C(=O)c3cc(I)cc(O)c3C2=O)C(=O)N1,0.97,-5.965,0.36935147434892557,0.3582709301184578,
cand_438,Cc1ccc2c(c1Cl)C(=O)N(C1CCC(=O)NC1=O)C2=O,0.905,-6.203,0.42629102139255,0.38579337436025773,
cand_439,Nc1cc(Cl)c2c(c1)C(=O)N(C1CCC(=O)NC1=O)C2=O,0.955,-5.898,0.35388625870237533,0.33796137706076845,
cand_440,O=C1CCC(N2C(=O)c3cc(Cl)c(Br)cc3C2=O)C(=O)N1,0.945,-5.892,0.3525155598344842,0.33312720404358753,
cand_441,Cc1cc2c(cc1Cl)C(=O)N(C1CCC(=O)NC1=O)C2=O,0.955,-6.092,0.3993917804487254,0.38141915032853274,
cand_442,NC(=O)c1cc2c(cc1C(N)=O)C(=O)N(C1CCC(=O)NC1=O)C2=O,0.935,-6.269,0.44250543686239424,0.41374258346633863,
cand_443,NC(=O)c1cc2c(cc1Cl)C(=O)N(C1CCC(=O)NC1=O)C2=O,0.935,-6.139,0.4107175157126606,0.38402087719133765,
cand_444,O=C1CCC(N2C(=O)c3ccc([N+](=O)[O-])c(F)c3C2=O)C(=O)N1,0.915,-6.474,0.49350036614191556,0.45155283501985277,
cand_445,O=C1CCC(N2C(=O)c3cc(O)c(C(=O)O)cc3C2=O)C(=O)N1,0.975,-6.463,0.4907510551263868,0.4784822787482271,
cand_446,O=C1CCC(N2C(=O)c3ccc(Cl)c([N+](=O)[O-])c3C2=O)C(=O)N1,0.91,-6.062,0.39221763226527295,0.3569180453613984,
cand_447,O=C1CCC(N2C(=O)c3cc(I)cc(C(F)(F)F)c3C2=O)C(=O)N1,0.97,-5.994,0.37613168601042085,0.36484773543010823,
cand_448,CNc1c([N+](=O)[O-])ccc2c1C(=O)N(C1CCC(=O)NC1=O)C2=O,0.905,-5.761,0.3232228549210944,0.29251668370359046,
cand_449,Cc1ccc2c(c1[N+](=O)[O-])C(=O)N(C1CCC(=O)NC1=O)C2=O,0.915,-6.147,0.41265511843466296,0.3775794333677166,
cand_450,Nc1c(O)ccc2c1C(=O)N(C1CCC(=O)NC1=O)C2=O,0.96,-6.184,0.4216508866117617,0.40478485114729124,
cand_451,NS(=O)(=O)c1ccc2c(c1Cl)C(=O)N(C1CCC(=O)NC1=O)C2=O,0.95,-6.37,0.4675456936126812,0.4441684089320471,
cand_452,Nc1c(Br)ccc2c1C(=O)N(C1CCC(=O)NC1=O)C2=O,0.925,-5.974,0.3714503067307394,0.343591533725934,
cand_453,CCc1cc(C(N)=O)c2c(c1)C(=O)N(C1CCC(=O)NC1=O)C2=O,0.895,-6.049,0.38912303341323495,0.3482651149048453,
cand_454,CCc1ccc2c(c1O)C(=O)N(C1CCC(=O)NC1=O)C2=O,0.905,-5.843,0.34141384156335525,0.3089795266148365,
cand_455,Cc1cc2c(cc1S(N)(=O)=O)C(=O)N(C1CCC(=O)NC1=O)C2=O,0.94,-6.427,0.4817581002042618,0.45285261419200606,
cand_456,N#Cc1cc(F)c2c(c1)C(=O)N(C1CCC(=O)NC1=O)C2=O,0.945,-6.213,0.42873847485481387,0.4051578587377991,
cand_457,NC(=O)c1cc(N)cc2c1C(=O)N(C1CCC(=O)NC1=O)C2=O,0.95,-6.183,0.42140704432047793,0.400336692104454,
cand_458,NC(=O)c1cc(O)cc2c1C(=O)N(C1CCC(=O)NC1=O)C2=O,0.945,-6.404,0.4760184150288955,0.4498374022023062,
cand_459,CNc1cc(Br)c2c(c1)C(=O)N(C1CCC(=O)NC1=O)C2=O,0.93,-5.981,0.3730860968480159,0.3469700700686548,
cand_460,CCc1cc(Br)c2c(c1)C(=O)N(C1CCC(=O)NC1=O)C2=O,0.91,-5.965,0.36935147434892557,0.3361098416575223,
cand_461,CNc1ccc2c(c1F)C(=O)N(C1CCC(=O)NC1=O)C2=O,0.96,-6.087,0.3981929960532166,0.38226527621108797,
cand_462,COc1ccc2c(c1Cl)C(=O)N(C1CCC(=O)NC1=O)C2=O,0.97,-6.163,0.41653839648976954,0.4040422445950764,
cand_463,COc1c(N)ccc2c1C(=O)N(C1CCC(=O)NC1=O)C2=O,0.925,-5.826,0.33760175331005493,0.3122816218118008,
cand_464,COc1cc2c(cc1F)C(=O)N(C1CCC(=O)NC1=O)C2=O,0.96,-6.296,0.4491761350327461,0.4312090896314363,
cand_465,COc1cc(O)c2c(c1)C(=O)N(C1CCC(=O)NC1=O)C2=O,0.965,-6.295,0.448928730692658,0.43321622511841495,
cand_466,Cc1ccc2c(c1O)C(=O)N(C1CCC(=O)NC1=O)C2=O,0.965,-6.033,0.3853265487153865,0.37184011951034796,
cand_467,COc1cc2c(cc1OC)C(=O)N(C1CCC(=O)NC1=O)C2=O,0.965,-6.495,0.49875000260416025,0.48129375251301465,
cand_468,Cc1ccc(I)c2c1C(=O)N(C1CCC(=O)NC1=O)C2=O,0.915,-5.958,0.36772245406522486,0.33646604546968073,
cand_469,Nc1ccc(C(=O)O)c2c1C(=O)N(C1CCC(=O)NC1=O)C2=O,0.92,-6.265,0.44151888756183855,0.4061973765568915,
cand_470,COc1c(O)ccc2c1C(=O)N(C1CCC(=O)NC1=O)C2=O,0.935,-5.666,0.3027999561061046,0.2831179589592078,
cand_471,NC(=O)c1cc([N+](=O)[O-])cc2c1C(=O)N(C1CCC(=O)NC1=O)C2=O,0.9,-6.61,0.5274723043445938,0.4747250739101344,
cand_472,COc1ccc(C(=O)O)c2c1C(=O)N(C1CCC(=O)NC1=O)C2=O,0.945,-6.205,0.42678022732016513,0.40330731481755605,
cand_473,CNc1c(C(=O)O)ccc2c1C(=O)N(C1CCC(=O)NC1=O)C2=O,0.955,-5.99,0.37519352553157076,0.35830981688265007,
cand_474,NS(=O)(=O)c1cc2c(cc1Br)C(=O)N(C1CCC(=O)NC1=O)C2=O,0.925,-6.431,0.48275684068067043,0.4465500776296202,
cand_475,Cc1c(Cl)ccc2c1C(=O)N(C1CCC(=O)NC1=O)C2=O,0.955,-6.079,0.39627748369828353,0.37844499693186073,
cand_476,CNc1ccc(I)c2c1C(=O)N(C1CCC(=O)NC1=O)C2=O,0.935,-5.786,0.3287155896175438,0.3073490762924035,
cand_477,CCc1cc(O)cc2c1C(=O)N(C1CCC(=O)NC1=O)C2=O,0.96,-6.223,0.4311894189608038,0.4139418422023716,
cand_478,N#Cc1cc(C(F)(F)F)cc2c1C(=O)N(C1CCC(=O)NC1=O)C2=O,0.955,-6.341,0.4603335321412476,0.4396185231948915,
cand_479,N#Cc1ccc(C(F)(F)F)c2c1C(=O)N(C1CCC(=O)NC1=O)C2=O,0.91,-6.411,0.47776467523002647,0.4347658544593241,
cand_480,CCc1ccc(S(N)(=O)=O)c2c1C(=O)N(C1CCC(=O)NC1=O)C2=O,0.895,-6.08,0.3965167501352737,0.35488249137107,
cand_481,CCc1ccc(C(=O)O)c2c1C(=O)N(C1CCC(=O)NC1=O)C2=O,0.91,-6.175,0.41945769517934034,0.3817065026131997,
cand_482,NS(=O)(=O)c1ccc2c(c1F)C(=O)N(C1CCC(=O)NC1=O)C2=O,0.945,-6.527,0.5067495899673914,0.47887836251918486,
cand_483,N#Cc1c(Cl)ccc2c1C(=O)N(C1CCC(=O)NC1=O)C2=O,0.925,-6.329,0.4573538673545377,0.4230523273029474,
cand_484,O=C1CCC(N2C(=O)c3cc(I)cc(C(=O)O)c3C2=O)C(=O)N1,0.96,-6.001,0.37777570127268073,0.3626646732217735,
cand_485,N#Cc1cc(N)cc2c1C(=O)N(C1CCC(=O)NC1=O)C2=O,0.965,-6.064,0.39269450082477253,0.37895019329590546,
cand_486,Nc1cc2c(cc1C(F)(F)F)C(=O)N(C1CCC(=O)NC1=O)C2=O,0.925,-6.037,0.38627438221524524,0.35730380354910185,
cand_487,CNc1ccc([N+](=O)[O-])c2c1C(=O)N(C1CCC(=O)NC1=O)C2=O,0.875,-5.749,0.32060344488414383,0.28052801427362584,
cand_488,O=C1CCC(N2C(=O)c3cc(C(=O)O)cc(C(F)(F)F)c3C2=O)C(=O)N1,0.95,-6.152,0.4138674997437005,0.3931741247565155,
cand_489,NS(=O)(=O)c1cc2c(cc1O)C(=O)N(C1CCC(=O)NC1=O)C2=O,0.96,-6.486,0.49650005716554624,0.47664005487892436,
cand_490,O=C1CCC(N2C(=O)c3ccc(O)c(C(=O)O)c3C2=O)C(=O)N1,0.94,-6.213,0.42873847485481387,0.403014166363525,
cand_491,O=C1CCC(N2C(=O)c3c(F)ccc(F)c3C2=O)C(=O)N1,0.965,-5.963,0.3688857342751898,0.35597473357555814,
cand_492,O=C1CCC(N2C(=O)c3ccc(C(F)(F)F)c(I)c3C2=O)C(=O)N1,0.915,-5.996,0.3766011154303848,0.3445900206188021,
cand_493,O=C1CCC(N2C(=O)c3cc(O)cc(Cl)c3C2=O)C(=O)N1,0.955,-6.091,0.39915192661382193,0.3811900899161999,
cand_494,Cc1cc(O)cc2c1C(=O)N(C1CCC(=O)NC1=O)C2=O,0.965,-5.973,0.37121686178310914,0.3582242716207003,
cand_495,CN(C)c1ccc2c(c1I)C(=O)N(C1CCC(=O)NC1=O)C2=O,0.965,-5.961,0.36842023839800847,0.35552553005407816,
cand_496,CNc1ccc(F)c2c1C(=O)N(C1CCC(=O)NC1=O)C2=O,0.95,-6.193,0.4238471732287111,0.40265481456727553,
cand_497,O=C1CCC(N2C(=O)c3ccc(C(F)(F)F)c(F)c3C2=O)C(=O)N1,0.895,-6.061,0.3919792750146393,0.3508214511381022,
cand_498,Cc1cc(C)c2c(c1)C(=O)N(C1CCC(=O)NC1=O)C2=O,0.92,-5.998,0.37707077661573785,0.3469051144864788,
cand_499,CNc1ccc(N(C)C)c2c1C(=O)N(C1CCC(=O)NC1=O)C2=O,0.94,-5.649,0.2992231267872398,0.28126973918000536,
